DEMAND_RESPONSE,Area,Season,Energy,Cost,pair no,Distance
2.742,4722.92,4019.64,-1.60E+03,13,79,317
1.557,4059.12,2191.03,-1146.08,20,54,165
2.362,4773.56,2787.99,-1263.38,46,67,224
3.892,8271.27,9545.98,-2848.93,26,138,554
4.454,7102.16,14148.8,-2381.15,85,120,809
4.991,7015.24,7336.79,-1699.8,22,95,427
2.655,8620.28,24949.9,-3198.06,35,157,1519
2.811,9238.73,39245.5,-2.59E+03,15,196,1885
0,12276.4,59742,-5101,56,249,2826
4.322,14165.5,140950,-1.41E+03,82,315,5844
0,7069.95,15336.6,-3000.09,81,133,847
4.524,10768.8,28521,-3732.37,61,214,1469
0,10255.7,66668,-6050,97,207,3048
0,6411.13,9698,-2686,59,104,652
4.339,8766.37,11524.1,-3270.78,44,156,654
3.217,9764.47,51960.7,-2.51E+03,16,188,2599
2.504,15208.6,90305.4,-2.28E+03,53,223,2059
0,6628.08,6490.83,-1923.04,23,100,485
0,7836.78,5545,-2661,41,126,371
0,10787.8,103850,-4705,85,237,4804
0,7347.39,13978,-3121,24,126,765
3.222,15563.6,110121,-6.38E+03,38,322,4619
2.034,5091.81,4269.08,-1.52E+03,10,79,317
2.963,3840,1433.37,-606.618,32,40,100
3.682,15435,144972,-5803.6,170,308,6057
1.633,13353.1,40216.5,-1.76E+03,43,234,1581
0,18609.3,300553,-12391,73,464,10829
2.885,12024.8,115245,-2.02E+03,47,235,4905
0,23099.1,280276,-13215,264,465,8741
2.136,8334.2,9499.81,-2868.48,97,130,490
3.869,11983.7,46065.4,-5543.47,49,273,2061
3.513,18072.9,161030,-8.83E+03,91,388,6290
0,13071.6,151812,-6450,66,284,6506
3.342,19248.1,162489,-1.06E+04,88,388,6290
0,19217.4,205811,-10695,61,390,6741
1.917,9714.1,33873.2,-2.73E+03,56,234,1581
4.117,4911.72,2837.21,-1207.83,47,67,224
3.221,12894.8,60525,-4.78E+03,25,247,2754
2.59,10721.5,38062.2,-4162.48,129,205,1751
3.62,10991.8,86042.1,-2.96E+03,18,220,3450
3.513,3736.8,1436.3,-634.175,33,40,100
0,5993.3,4806,-1941,18,111,345
0,20309.9,291719,-11688,242,487,10978
0,12888.4,171016,-6821,63,299,7334
2.6,7478.85,14147.7,-2295.22,90,120,809
0,17083.7,94618,-8497,92,365,3633
4.785,9883.77,40847.4,-2722.39,60,159,2181
2.628,5382.92,4179.02,-1499.3,122,88,318
3.672,9454.53,27663.8,-2981.07,101,158,1403
2.401,7325.19,9277.63,-3214.06,21,138,554
4.796,23999.8,456954,-1.20E+04,51,483,15505
4.978,10673,26600.5,-3313.23,28,174,1415
1.289,11059.1,68879.1,-5251.84,148,247,3373
2.404,16312.6,115767,-4.26E+03,55,271,4426
3.062,9434.08,38959,-4287.95,20,193,2118
3.777,9666.72,33029,-3402.85,87,176,1922
4.682,12626.8,72561.2,-5540.34,47,262,3211
3.393,20368.8,193489,-4.90E+03,93,403,6746
2.454,17021.5,164814,-7371.08,65,352,6744
0,12773,70843,-5725,29,210,2894
0,5205.31,4188,-2124,15,88,318
2.802,13768.3,50902.1,-4.04E+03,47,234,2464
0,20676.4,244148,-6136,48,368,5025
2.45,23848.5,469672,-1.08E+04,59,483,15505
2.941,9564.01,12121.7,-2630.01,92,136,619
1.923,20911.5,163006,-8.73E+03,93,449,5537
0,6766.37,7326,-2343,57,108,517
0,8754.11,27397,-4556,13,142,1255
4.332,10106.7,27928,-2735.9,76,158,1403
2.623,17682.4,174076,6.30E+03,66,403,6746
4.661,13123.6,78485.7,-5.04E+03,63,272,3539
3.951,6910.78,4085.64,-2288.24,70,101,249
0,10201.5,43306,-4973,33,199,2061
2.595,14025.1,92585.3,-5.58E+03,50,254,3885
4.949,7976.18,7585.75,-1.69E+03,161,109,486
4,11176,18259.1,-3331.32,55,172,973
0,8368.98,26567,-3618,28,165,1524
4.381,9784.19,36750.7,-3.06E+03,41,196,1997
0,14703.1,93227,-5737,47,311,3802
3.051,10996.9,87333.1,-2.39E+03,14,220,3450
3.972,5757.49,11120.1,-1915.98,21,102,764
2.95,7511.6,14204.6,-2351.32,82,120,809
0,11172.1,48737,-5984,176,233,2325
0,8253.66,22740,-1810,23,138,1206
3.736,6796.84,14057.7,-1527.94,12,96,804
4.552,13128.5,59784.8,-3.64E+03,71,223,2822
3.265,10445.5,84668.3,-2.01E+03,25,220,3450
2.711,24511,474472,-1.07E+04,45,483,15505
4.923,9297.16,30430,-3162.94,116,171,1747
4.764,13011.9,70519.9,-5529.93,42,262,3211
2.422,6726.28,12062.3,-1807.84,8,105,765
4.298,2726.91,52.5799,-4.30E+02,92,33,5
3.66,13432.5,60792.1,-5.42E+03,27,247,2754
0,9756.25,38530,-2126,34,209,1524
0,15547.5,67787,-6540,61,273,2129
3.842,13392.7,79963.8,-5.16E+03,48,272,3539
4.713,9282.91,29260.1,-3378.18,31,179,1626
0,19176.5,299930,-10794,87,407,10820
0,6363.31,9414,-2356,34,101,586
1.969,5398.82,4276.59,-7.17E+02,10,79,317
4.562,12639.7,70542.2,-5318.65,70,262,3211
0,8825.51,35892,-3519,40,175,1868
4.733,11741,52851.3,-4344.44,99,209,2534
3.347,8936.12,28128.2,-2820.32,95,156,1521
4.28,5055.64,2870.85,-1199.41,47,67,224
1.455,9020.21,17476.2,-4127.4,30,183,931
0,8648.61,15678,-3176,77,125,889
4.549,6779.08,12811.6,-1540.87,31,96,804
3.414,24235.6,275831,-1.29E+04,83,540,8870
4.49,14257,79237.5,-7189.59,58,320,3466
3.663,8067.24,9426.1,-2960.66,21,138,554
0,5799.93,6030,-1152,12,80,316
0,8087.84,23021,-2302,17,145,1357
4.253,9910,35151.4,-4456.41,129,208,1691
1.584,4208.38,2173.98,-1051.37,20,54,165
0,7383.83,12007,-1608,26,145,768
4.467,9976.33,36430,-4388.08,117,208,1691
1.54,4209.06,2179.4,-1036.21,20,54,165
4.668,4513.02,4068.02,-1363.32,23,72,340
4.567,23288.5,279622,-9205.06,72,468,9276
2.639,9464.38,10028.9,-1.66E+03,47,154,587
0,5849.32,4670,-2029,46,95,344
4.961,7368.76,9526.94,-1.15E+03,26,102,516
1.932,3867.66,2203.3,-1034.09,21,54,165
4.468,9262.44,28718.5,-3305.19,35,179,1626
2.276,14189.6,59502.1,-6690.93,158,305,2610
3.845,12269.5,57637.3,-2.20E+03,37,223,2822
3.49,8513.96,26319.7,-2.32E+03,30,156,1364
3.125,9332.9,26774,-2.36E+03,31,156,1364
0,14511.3,170352,-8728,40,339,7341
2.007,6819.83,5250.37,-1.46E+03,8,79,292
3.085,8802.65,27497.3,-1.91E+03,45,156,1364
0,8626.26,21900,-3695,17,147,1018
3.269,13262.2,46178,-5749.48,48,273,2061
2.919,12625.4,79552.2,-4.77E+03,37,272,3539
2.554,11889.8,114530,-4.27E+03,43,235,4905
3.422,8071.87,14318.6,-1963.13,91,120,809
0,18327.5,175790,-12389,45,430,6635
3.002,13718.2,143417,-6182.51,179,308,6057
2.504,6795.8,12570.1,-1849.35,12,105,765
3.809,10138.3,26292.9,-3235.61,24,174,1415
2.373,7516.98,9270.66,-3089.5,20,138,554
4.034,7588.46,4175.55,-1.60E+03,29,86,205
3.595,5347.14,4136.87,-2.42E+03,12,79,292
0,13372,190854,-8983,252,350,7945
1.486,11956.1,74055.4,-2.91E+03,26,249,3630
3.06,12895.3,60001.1,-5.59E+03,26,247,2754
2.062,5600.53,7611.03,-1890.14,75,104,457
3.757,10132.6,32119,-3410.33,76,176,1922
0,8184.05,8281,-4037,16,137,399
2.397,11167.7,112064,-3.07E+03,54,235,4905
3.083,10900,37792.9,-3.09E+03,41,196,1997
1.643,8374.31,9399.96,-2667.47,98,130,490
4.663,7880.02,8991.08,-1.42E+03,21,102,516
0,12895,59376,-6706,42,281,2541
0,12710,88837,-6240,52,302,3891
3.561,26071.4,255509,-7.48E+03,94,537,8350
0,12925.8,81599,-6817,62,265,3292
3.154,11197,79880.6,-5.72E+03,37,272,3539
2.445,6663.65,4945.65,-2053.07,28,107,346
0,21183.2,324568,-13759,323,482,10983
1.998,3820.78,1454.91,-1014.97,42,52,133
3.631,8445.43,11069.7,-3180.11,36,156,654
4.335,7995.06,9015.01,-2858.76,27,138,554
0,4534.61,3397.19,-1070.32,43,60,243
3.15,4268.21,2013.37,-1076.53,5,63,166
0,6850.9,4364,-2641,19,111,272
1.785,11604.3,34115.6,-3.72E+03,51,234,1581
3.455,23904.3,276650,-9.67E+03,105,537,8350
0,7799.87,16190,-2635,22,137,810
1.984,6327.04,5299.65,-2.07E+03,7,79,292
4.305,13670.9,77654.4,-5432.38,32,262,3211
0,12756,68486,-4464,38,264,2681
0,10707.6,20770,-2326,21,110,655
3.178,12827.8,83655.8,-2.99E+03,30,220,3450
1.762,11797.7,34617.4,-2.86E+03,22,234,1581
2.558,13869.1,66809.9,-3.81E+03,49,224,2192
3.501,13667.8,80111.3,-5.45E+03,45,272,3539
0,14366.1,173121,-6332,86,320,6522
1.429,8986.39,17200.1,-4252.16,35,183,931
3.778,10036.3,51996.9,-2.64E+03,37,188,2599
1.758,8231.33,9469.98,-2806.49,97,130,490
0,22876.7,414869,-12806,95,509,13313
4.028,6763.03,7251.57,-2.40E+03,158,109,486
1.59,7167.38,5621.85,-1.84E+03,16,79,292
0,13385.7,158829,-6132,65,306,7090
4.016,5410.99,4273.35,-1.75E+03,21,85,343
0,12833.3,146095,-5999,61,317,6400
3.499,8902.07,24049.4,-2939.3,24,154,1252
0,10832.4,47380,-5304,60,201,2316
1.535,3926.41,2174.68,-1130.91,20,54,165
0,4883.25,3228,-1698,11,72,226
4.845,8628.43,29360.4,-1997.39,35,132,1513
0,4087.59,2310.6,-1042.97,22,54,165
4.704,11423.5,39269,-3990.33,110,205,1751
2.213,20644,173815,-5.49E+03,101,449,5537
2.041,3954.47,1444.89,-1003.39,42,52,133
0,11409,33376,-3886,24,168,1211
3.249,8678.42,25827.7,-2.42E+03,28,156,1364
0,12856,95849,-6398,44,259,4146
2.095,3838.69,1444.28,-1005.58,42,52,133
3.476,9585.89,26095.7,-3396.21,27,174,1415
2.131,3959.56,1472.27,-946.372,42,52,133
3.729,5208.86,3135.02,-1179.71,37,67,224
0,14581.8,112831,-8850,60,338,4723
0,13324.1,137340,-5968.22,176,279,5626
3.17,10725.9,37881.7,-4077.25,112,205,1751
2.209,5465.85,4221.11,-1493.68,122,88,318
4.626,9944.07,36296.1,-3.82E+03,43,196,1997
0,11366.8,55567,-6302,122,237,2679
4.267,6164.25,7671.4,-2.20E+03,18,102,516
3.535,14388.7,67810.7,-3.40E+03,58,224,2192
4.771,23304.3,278144,-9721.79,71,468,9276
1.681,6856.01,5413.24,-2.17E+03,8,79,292
2.162,16317.7,137623,-9.07E+03,83,449,5537
2.772,10556.3,49268.8,-5.01E+03,26,216,2677
2.034,13693.2,45616.8,-2.48E+03,42,234,1581
4.091,21684.6,514203,-12439.8,133,540,18067
3.248,9005.99,12426.5,-2672.12,93,136,619
0,8060.63,29645.5,-3969.08,42,179,1626
4.123,17060.9,190062,-6.68E+03,53,390,7459
3.687,9269.4,26717.1,-3419.42,45,174,1415
0,7227.66,13730,-2369,28,120,813
0,7056.68,11808,-4137,27,115,803
4.773,12650.3,46367,-5934.87,63,273,2061
3.28,9388.22,27247.8,-2924,94,158,1403
0,15584.2,246354,-6758,64,360,8725
2.228,6410,5179.39,-2.38E+03,57,79,292
2.967,8588.78,26821.5,-2.54E+03,33,156,1364
0,15496.8,128042,-8414,251,325,5739
0,16746.5,59076,-11599,90,354,2330
0,8355.73,21771,-3423,73,156,1211
3.556,7477.83,4889.23,-1.96E+03,19,86,205
4.03,11109.5,43303.4,-3.37E+03,20,196,1885
4.629,9516.41,37831,-3576.71,52,180,2054
3.865,4456.48,3060.4,-1245.17,31,71,249
4.586,9903.3,36390.2,-4.83E+03,35,196,1997
4.16,22571.5,516371,-10921.9,113,540,18067
0,9063.3,23613,-3635,24,158,1258
3.455,5221.12,3526.35,-789.216,49,51,132
3.477,13138.9,89889.3,-5.58E+03,62,254,3885
0,16658.2,137142,-8453,83,375,5426
0,11214.7,81200,-7183,140,253,3970
2.213,12404.3,73728.5,-3.78E+03,29,249,3630
2.462,24545.8,471687,-1.38E+04,35,483,15505
1.007,2478.68,51.0363,-5.59E+02,6,33,5
3.821,8718.89,11511.4,-3327.88,42,156,654
2.925,10631.9,27523.1,-4207.29,38,214,1469
2.493,13019.7,114306,-3.18E+03,39,235,4905
2.497,9121.26,10166.8,-2.29E+03,33,154,587
0,5925.06,7643,-3609,11,108,487
3.213,13540.8,51676.6,-2.87E+03,44,234,2464
3.57,19548.5,161497,-8.91E+03,88,388,6290
2.203,4585.12,4104.16,-1.37E+03,15,79,317
3.267,10102.4,49292.3,-5.12E+03,42,216,2677
2.167,13560.7,139655,-5.72E+03,31,315,5844
4.119,25436.6,281385,-1.15E+04,83,540,8870
4.547,10435.6,28705.8,-3804.91,73,214,1469
3.9,7639.75,15775.9,-2729.66,74,134,970
2.256,12830.7,115169,-2.98E+03,43,235,4905
2.463,10364.4,59120.7,-4535.66,98,217,2904
0,11223.7,91969,-4929,41,230,4241
4.791,20184.2,183128,-4.24E+03,78,403,6746
0,6772.75,7659,-4207,12,109,484
4.044,8704.7,11131.3,-3080.58,37,156,654
1.747,5536.04,4149.42,-1548.34,123,88,318
3.832,4990.86,3275.41,-1162.53,29,71,249
0,11796.1,53810,-3978,34,235,2460
1.463,3974.61,2203.07,-1147.9,22,54,165
0,12402.8,75233,-6065,76,248,3538
4.33,9293.86,13624.8,-2839.02,16,148,729
2.957,4359.93,2059.16,-1060.72,7,63,166
2.371,6123.31,4963.28,4.91E+03,29,85,343
4.451,16071.1,192851,-9.54E+03,53,390,7459
2.637,13097.7,79842.1,-7.02E+03,42,272,3539
3.771,5189.83,4370.62,-1.49E+03,20,85,343
3.376,11254.4,43140.8,-2.14E+03,68,223,2059
2.395,10084,10370.1,-1.89E+03,39,154,587
1.64,8130.62,11988.4,-2560.04,83,128,693
4.914,5559.51,10634.7,-2005.96,33,102,764
0,8627.92,9540,-2159,44,134,487
3.474,18349.8,161641,-1.15E+04,87,388,6290
4.094,18448.4,202825,-8.58E+03,51,390,7459
0,13224.3,82194,-9924,102,330,3715
4.67,14395.8,79281.5,-7271.55,66,320,3466
2.228,16106.6,137559,-9.24E+03,83,449,5537
0,12905.3,66038,-8059,60,286,2901
2.609,6865.16,9301.76,-3209.6,22,138,554
0,7751.4,9454,-1967,14,141,584
1.141,5756.71,4789.96,-1.32E+03,20,85,343
0.758,9154.7,16925.5,-4320.51,37,183,931
1.46,12181.7,73788.1,-4.41E+03,21,249,3630
4.225,10320,35123.2,-4472.45,125,208,1691
0,9972.31,22175,-4675,33,184,1210
0,18112.1,219938,-11279,80,380,7226
0,8162.41,10459,-3456,12,114,549
4.409,10362.8,30853.9,-3004.41,99,171,1747
0,9747.68,32137,-5479,44,165,1690
4.688,6380.73,7437.4,-2.15E+03,158,109,486
3.311,7058.34,9603.81,-2517.39,19,123,621
4.698,4907.6,3015.32,-1230.76,42,67,224
4.464,13138.2,52427.9,-6124.04,56,288,2334
2.671,9552.34,16681,-3841,88,172,973
3.615,11995.1,87520.3,-2.28E+03,18,220,3450
3.82,8132.28,9525.59,-2889.77,19,138,554
4.712,14103.9,102425,-5685.63,150,281,4061
0,5304.7,4505,-1884,15,97,322
2.953,13806.9,141333,-4.71E+03,49,315,5844
2.909,13720.3,141887,-5.28E+03,41,315,5844
0,16725.1,197745,-10893,318,388,7460
2.109,4007.73,1456.39,-961.918,42,52,133
4.342,5586.67,1782.69,-1427.63,15,76,147
3.801,10943.3,27206,-5.84E+02,34,166,1111
3.069,5079.37,3067.15,-1182.62,38,67,224
2.684,5345.81,4452.99,-1.10E+03,20,88,292
4.391,9566.74,27102.4,-1.38E+03,22,166,1414
3.512,5682.13,4117.44,-1479.35,124,88,318
0,12736.7,75832,-5688,32,242,3060
4.212,10370.6,57372.2,-3.78E+03,48,223,2822
3.375,21884.5,410997,-8.37E+03,62,473,14125
3.8,20444,192110,-4.56E+03,90,403,6746
3.268,15702.8,115053,-4.57E+03,70,271,4426
0,7827.7,7481,-2187,7,97,400
4.331,5143.99,4398.6,-1.66E+03,13,79,292
1.149,2406.77,50.8227,-6.67E+02,8,33,5
2.719,7860.77,9229.4,-3097.47,18,138,554
4.632,7756.73,4711.47,-2762.2,27,131,271
3.04,9259.58,27517,-3.28E+03,27,194,1521
2.9,14685.7,52757.5,-2.66E+03,38,234,2464
0,12770.9,74941,-6169,26,230,3288
1.61,8306.72,12053.4,-2598.95,89,128,693
1.464,3853.74,2149.74,-1167.6,22,54,165
1.973,4009.37,1446.68,-961.242,42,52,133
3.476,12857.6,52380.4,-5.09E+03,16,215,2188
1.559,3987.88,2192.73,-1148.48,20,54,165
2.682,9406.46,22695.2,-2.25E+03,11,166,1111
1.604,7434.75,5689.3,-1.26E+03,16,79,292
2.727,12939,74465.9,-4.23E+03,26,249,3630
0,4554.31,921,-670,7,53,72
4.686,7852.53,7042.29,-2016.04,36,108,428
2.207,12685.2,74685.3,-3.38E+03,25,249,3630
2.316,5978.39,7675.44,-1735.06,72,104,457
0,6790.71,4089.3,-2574.81,73,101,249
1.316,2475.05,52.7779,-5.96E+02,8,33,5
3.305,7472.41,14097.5,-2358.41,96,120,809
3.656,10427.8,49118.6,-4.49E+03,26,216,2677
3.667,6477.57,7392.17,-1457.71,36,93,545
2.472,19954.4,243924,-1.19E+04,98,537,8350
1.367,10303.7,67843.8,-5537.81,143,247,3373
2.539,13364.7,90465.4,-4.01E+03,44,254,3885
0,10984,43581,-6839,191,230,2061
4.51,14337.6,108191,-7.58E+03,55,322,4619
2.023,6378.62,13390.1,-1612.26,16,96,804
2.024,8120.38,26166.5,-3.11E+03,32,156,1364
0,14718.2,134636,-8450,44,311,4925
2.372,10095.3,10451.8,-1.49E+03,32,154,587
0,9762.95,64812,-5319,33,220,3203
3.096,13282,75698.3,-3.49E+03,35,249,3630
0,4652.18,1101,-528,14,67,74
0,13245.3,89249,-7661,51,267,3889
0,19058.8,186884,-11048,92,439,6521
2.568,5854.15,7370.16,-1666.65,54,93,545
0,11353.1,80131,-8135,166,279,3798
2.376,5864.46,7671.02,-1833.55,76,104,457
4.88,5760.12,11109.3,-1866.49,41,105,765
4.259,14477.5,96071,-5727.76,51,294,4249
4.417,4483.99,2583.83,-1197.91,38,67,224
2.523,16206.8,115998,-4.81E+03,63,271,4426
3.598,10946.8,86138.8,-3.40E+03,33,220,3450
4.657,8944.21,29057.2,-3368.25,35,179,1626
4.934,5259.65,4773.61,-1249.39,17,72,340
0,14504.1,104172,-1876,50,339,4439
5,9361.69,12592.1,-2543.56,75,136,619
0,11202.1,35439,-5864,41,270,1643
4.232,9603.46,27772.1,-2922.91,100,158,1403
4.828,8700.82,17284,-2718.01,77,142,844
3.243,8414.71,17111,-2896.77,83,142,844
2.017,5040.31,3804.6,-1.15E+03,13,79,317
4.258,12731.4,55797.2,-3.50E+03,64,224,2192
4.198,9238.75,20452,-3458.78,89,163,1162
0,7929.02,8877,-3570,14,129,521
0,5598.91,1102,-826,24,66,63
4.353,6259.88,6646.73,-2.71E+03,21,119,395
2.777,7801.68,13927,-2130.12,43,120,809
2,13597.5,41770.7,-2.85E+03,50,234,1581
1.57,4044.93,2195.63,-971.394,20,54,165
0,17549.8,190154,-9967,322,374,6633
2.65,9240.35,10029.9,-1.38E+03,29,154,587
3.217,11409.4,50480.1,-5.44E+03,24,216,2677
0,11100.4,76049,-7498,46,244,3706
0,6145.48,9138,-2117,7,105,581
1.887,12171.1,74748.9,-4.38E+03,27,249,3630
2.702,13218.6,51446.8,-2.77E+03,44,234,2464
2.662,11898,46156.3,-4.97E+03,21,215,2188
1.743,4548.93,2819.88,-1394.68,52,67,224
0,11002.8,70251,-6125,110,223,3209
0,7334.17,6997,-3343,15,121,397
3.05,20675.4,244859,-1.29E+04,82,540,8870
0,9868.87,35005,-3824,32,204,1934
4.46,10073.2,27186.4,-2816.2,77,158,1403
4.917,10641.6,38424.7,-3866.32,110,205,1751
0,9625.67,29224,-3403,24,170,1467
0,15715.5,168482,-7908,59,390,6294
0,9309.07,72643,-4931,36,216,3454
0,7143.43,17970,-3996,2,110,806
0,6661.86,5361,-2139,5,82,244
2.282,5936.43,7666.13,-1818.38,74,104,457
4.762,11007.7,58003.8,-3.73E+03,34,223,2822
0,13865,70582,-5621,45,270,3130
0,10648.7,53396,-5518,43,210,2383
2.374,5892.81,4915.01,1.69E+04,29,85,343
0,15098.8,66975,-4212,40,229,2603
1.549,6310.09,5432.27,-2.38E+03,16,79,292
4.106,15649.6,141759,-3.51E+03,63,315,5844
2.69,4674.13,3944.51,-1.21E+03,13,79,317
3.987,5356.78,2237.33,-1627.29,18,82,185
0,11168.3,64955,-6410,156,222,3290
4.76,7813.38,9183.57,-1.00E+03,24,102,516
0,12202.2,41137,-6143,36,216,1754
1.985,13812.6,139512,-4.85E+03,47,315,5844
3.407,8122.78,5330.75,-1.36E+03,29,86,205
3.218,12953.8,60657.5,-5.13E+03,24,247,2754
4.398,8872.56,28649.6,-3410.33,36,179,1626
0,11597.3,39536,-5602,60,229,2127
0,13401.8,61361,-8372,147,314,2836
0,6366.8,2459,-1312,8,68,130
3.49,9388.91,25747.5,-3358.44,33,174,1415
4.508,14291.1,65271.8,-2.14E+03,61,223,2822
3.722,9615.02,25822.5,-3391.89,25,174,1415
0,10254.9,39993,-5223,32,192,1865
4.55,9679.76,29836,-3194.26,106,171,1747
0,9527.61,25180,-2843,29,186,1414
2.989,11133,26813.1,-4137.09,41,214,1469
2.539,16066.4,115345,-3.89E+03,51,271,4426
0,8008.15,12458,-3366,24,169,695
2.745,13244.2,90867.7,-4.58E+03,41,254,3885
4.222,13690.2,52665.7,-6117.45,48,288,2334
2.955,12682.8,74450.8,-4.24E+03,26,249,3630
3.48,2654.25,50.1395,-5.60E+02,6,33,5
4.664,4741.31,2407.48,-842.001,44,51,132
4.172,8906.23,20582.5,-3497.77,92,163,1162
0,12462.7,109412,-5505,21,284,4617
3.696,6626.46,10442.1,-3.18E+03,16,109,689
2.613,7424.17,5241.91,-2.38E+03,23,86,205
3.934,8951.77,11323.5,-3143.73,52,156,654
1.797,11376.6,32234.5,4.09E+02,40,234,1581
1.059,2586.38,47.7134,-3.36E+02,6,33,5
1.614,4179.65,2190.45,-919.427,20,54,165
1.732,7818.65,9476.29,-2975.24,96,130,490
4.772,14388,95056.9,-5910.85,58,294,4249
0,19923.7,301046,-8462,80,445,10102
2.494,15079.9,117879,-6.61E+03,55,271,4426
1.53,4095.87,2250.05,-1080.5,20,54,165
0,7200.48,21532,-2783,186,146,1308
0,14156.9,135304,-9469,206,312,5731
2.689,23867.2,470143,-1.24E+04,50,483,15505
2.631,9437.37,39537,-1.80E+03,11,196,1885
0,19262.6,260781,-11947,262,424,9408
2.532,8200.54,11748.7,-2525.3,86,128,693
0,7678.78,12467,-3029,10,133,803
3.548,9711.58,12594.5,-2579.86,85,136,619
3.729,8696.07,11055.3,-3199.2,29,156,654
4.822,18162.8,202432,-7.95E+03,61,390,7459
3.062,4157.84,1932.93,-1084.97,4,63,166
4.324,11192.5,42299,-2.45E+03,28,166,1414
4.586,9943.07,34145,-3436.39,92,176,1922
1.211,6056.62,5194.69,-1.46E+03,21,85,343
2.107,11070.1,73612.8,-5.44E+03,19,249,3630
3.529,4530.17,3294.57,-1222.36,36,71,249
0,8164.92,10384,-2820,52,132,658
2.816,22272.6,414308,-6.94E+03,68,473,14125
0,12758.1,62379,-5684,46,237,2746
2.098,19208.4,150697,-9.03E+03,74,449,5537
3.698,25362.7,474761,-1.13E+04,52,483,15505
3.883,7107.27,4038.1,-2278.19,70,101,249
0,10635.8,34152,-5527,66,184,1691
2.505,11750.3,44735.6,-3.11E+03,46,223,2059
2.814,8563.17,24941.5,-3157.75,38,157,1519
4.32,8250.17,9376.3,-2854.38,23,138,554
4.908,14217.3,78604.5,-7117.31,80,320,3466
4.235,8976.19,12457.1,-2441.02,57,136,619
1.61,11408.7,73530.7,-5.34E+03,26,249,3630
0,10116.6,8766,-2512,19,138,400
3.576,8536.43,9470.7,-2953.96,100,130,490
4.251,8353.33,4602.88,-2677.06,26,131,271
1.853,5154.16,3422.31,-793.939,50,51,132
4.479,5898.7,10981.1,-1789.77,32,102,764
4.518,5814.6,11133.1,-1958.78,25,102,764
1.742,9758.43,20341.6,-2486.65,69,163,1162
4.027,2471.38,50.0522,-4.89E+02,94,33,5
3.701,12432.4,92219.9,-4.92E+03,63,254,3885
3.005,13078.1,59655.6,-5.38E+03,25,247,2754
2.218,7314.21,9476.03,-2484.88,13,123,621
3.511,9441.23,26259.5,-3367.83,29,174,1415
4.647,7819.98,4634.86,-2744.3,31,131,271
2.34,10329,10328.6,-2.32E+03,36,154,587
0,13495.6,116247,-6978,48,330,4627
3.017,11866.8,75220,-4.35E+03,25,249,3630
0,5400.55,12154,-1857,10,93,842
3.166,20693.5,240604,-6.14E+03,98,537,8350
4.411,8750.48,9768.44,-2735.34,15,138,554
4.366,9081.1,17122.2,-3698.56,39,183,931
1.647,12243.5,73427,-3.86E+03,29,249,3630
2.667,21518.7,242311,-1.05E+04,104,537,8350
2.033,5864.34,7232.32,-1646.52,50,93,545
2.675,4839.23,2999.9,-1215.28,44,67,224
3.555,11421.1,27060,-7.62E+02,35,166,1111
4.275,23539.3,521716,-11394.2,143,540,18067
0,14427.1,57684,-6588,47,302,2537
4.349,13876.3,62082.5,-2.73E+03,56,223,2822
4.042,7776.13,9537.15,-2798.49,38,138,554
4.212,2376.63,50.2179,-5.60E+02,92,33,5
2.848,11621.7,78331.6,-7.41E+03,40,272,3539
4.307,9189.37,13634.2,-2858.77,16,148,729
0,13037.8,119751,-5981,48,261,4517
3.318,24079.6,255885,-7.84E+03,92,537,8350
4.1,6056.15,11207,-1868.54,14,102,764
1.672,11409.7,73756.6,-5.29E+03,24,249,3630
3.11,14771.1,142495,-3.88E+03,46,315,5844
0,13504.8,62330,-7140,13,187,1928
4.978,7809.96,12552.2,-2775.33,88,130,694
1.112,5984.86,4684.18,-1.01E+03,22,85,343
2.552,5489.41,3545.77,-750.43,46,51,132
4.356,2761.39,51.7655,-3.88E+02,92,33,5
2.21,3823.77,1477.82,-991.843,42,52,133
0,11849,26594,-6014,37,192,1208
0,10433.5,57935,-4304,23,221,2824
4.649,8608.3,19573.6,-2697.6,90,151,1023
3.059,9408.37,27442,-2905.23,91,158,1403
0,16159.2,113629,-7506,72,378,4731
0,7214.29,8242,-2144,16,117,457
4.032,9021.87,28025.4,8.22E+03,29,166,1414
2.03,13711.3,47455,-2.09E+03,51,234,1581
1.049,5775,4771.38,-1.46E+03,21,85,343
0,27093,1005950,-20576,198,715,30042
3.465,7224.2,15659.5,-2636.71,70,134,970
0,6977.83,4124,-3333,47,112,292
0,21874,98011,-7816,92,436,3305
4.845,9627.81,36016.8,-4.60E+03,42,196,1997
0,29018.8,814047,-18392,186,753,20648
3.085,8424.32,51426.8,-3.36E+03,36,188,2599
1.205,5827.88,4772,-9.14E+02,23,85,343
0,16541.8,142461,-10712,309,387,5428
3.755,10865.9,39342.2,-3934.64,26,193,2118
4.636,10652,27457.8,-4406.64,56,214,1469
3.874,9789.85,26617.4,-3345.54,32,174,1415
3.74,9301.52,11334.8,-2947.54,34,156,654
1.702,6681.49,9249.31,-3308.3,16,138,554
3.854,9018.74,27898.6,-2.35E+03,19,166,1414
3.103,14591.8,59810.2,-6648.95,157,305,2610
2.506,13394.9,50782.6,-3.44E+03,76,234,2464
2.694,24861.1,263742,-8.92E+03,102,537,8350
0,7076.03,7333.25,-2509.39,16,122,429
1.737,11954,114599,-2.33E+03,41,235,4905
0,13424.3,139083,-8246,150,326,6508
2.847,8169.22,11978.8,-2552.44,82,128,693
2.837,9660.44,39277,-2.19E+03,21,196,1885
2.782,24203.2,270592,-8.57E+03,102,537,8350
4.43,8804.33,27963.6,-2819.72,94,156,1521
2.589,14193.6,52252.6,-3.03E+03,34,234,2464
2.584,5469.77,2774.29,-1135.92,40,67,224
2.185,5778.87,7569.3,-1883.27,77,104,457
0,32956.9,509795,-19912,154,782,14166
3.725,14416.2,51256.1,-3.71E+03,48,234,2464
0,13851,97433,-6459,85,270,3796
4.093,23333.9,284119,-1.57E+04,70,540,8870
3.906,9504.96,12630.1,-2512.83,88,136,619
4.218,10523,50974.9,-4556.32,120,209,2534
0,3667.89,1830.27,-1254.23,7,63,166
0,25488.7,674161,-23313,92,725,20240
0,6279.92,2887,-2615,3,110,166
4.535,9031.34,20500.1,-3419.77,81,163,1162
0,18386.1,305592,-11749,201,428,11269
4.529,9710.51,30534.6,-3177.42,117,171,1747
4.368,9046,13687.6,-2890.13,14,148,729
0,12232,83120,-7431,41,332,3638
3.788,7303.28,4017.06,-2334.26,70,101,249
3.443,4934.37,4383.61,-1344.15,21,72,340
0,19078.9,115932,-8056,63,405,4071
4.476,10125.3,28563.3,-2.57E+03,26,194,1521
2.635,13200.8,47551.1,1.69E+02,45,223,2059
0,8862.58,18382,-4782,62,164,1019
3.835,4809.19,4417.42,-1.18E+03,11,79,317
1.59,4000.39,2215.9,-1056.31,24,54,165
0,10245.7,39694,-5506,236,191,2119
2.4,5608.82,4196.28,-1.17E+03,12,79,317
0,7066.77,12822,-1810,12,129,808
0,5092.22,4613,-1623,8,94,313
0,8292.36,19094,-3691,58,162,1206
0,8070.5,21314,-2858,22,145,1109
0,7907.16,10368,-2517,25,144,619
0,8921.63,16699,-3202,17,108,486
2.634,21426.5,195815,-6.27E+03,68,403,6746
3.529,10703.5,10140.8,-1.63E+03,34,154,587
2.488,7044.87,13932.3,-2428.82,91,120,809
1.922,6720.76,5328.69,-2.03E+03,9,79,292
3.516,13248.8,60886.5,-3.32E+03,30,247,2754
4.408,14484.5,143616,-5995.49,157,308,6057
4.23,8735.98,27778.9,-2826.17,94,156,1521
2.865,15570.6,116371,-4.88E+03,51,271,4426
4.802,3768.76,1172.52,-831.422,30,51,102
2.216,6394.53,13350.1,-1568.05,15,96,804
3.326,12721,116199,-4.02E+03,39,235,4905
0,8664.9,21422,-4481,31,165,1305
4.254,16682.6,143687,-7207.49,175,362,5847
4.774,8435.42,13576.6,-2614.35,22,132,806
3.627,24089.1,262192,-1.20E+04,87,540,8870
0,14220.2,115403,-7946,46,323,4920
0,9628.76,29902,-5093,98,178,1634
3.021,17981.6,172276,-6.97E+03,87,403,6746
2.1,19755.8,409617,-1.16E+04,63,473,14125
1.607,12083.6,73304.2,-4.43E+03,30,249,3630
3.95,8365.67,9604.68,-2907.17,22,138,554
0,14801.3,164892,-8297,197,330,6520
4.763,12579.6,71755.5,-5610.01,31,262,3211
0,4055.36,5888,-1044,20,68,481
4.828,14825.5,80709,-6969.73,79,320,3466
1.915,4552.02,2231.54,-827.734,24,54,165
1.412,5260.89,4275.34,-1.45E+03,17,88,292
4.045,22996.6,517731,-11446.9,123,540,18067
4.287,9873.69,34804.4,-4416.26,120,208,1691
2.144,8458.75,19830.7,-3547.9,87,163,1162
3.474,9390.24,26582.3,-2.21E+03,67,166,1414
2.299,4735.26,3979.56,-1.24E+03,15,79,317
3.312,14051.3,60594.5,-5.13E+03,23,215,2188
2.815,4314.17,1954.68,-1083.85,5,63,166
0,29522.8,762649,-19830,146,718,22296
0,16318,210590,-10706,52,365,8077
3.55,9801.17,27540.5,-2850.33,102,158,1403
3.781,6085.49,11794.9,-1939.08,11,105,765
2.938,10831.5,38480.2,-4170.23,119,205,1751
2.514,10012,38428.4,-4134.91,15,193,2118
0,20831.8,210073,-7060,80,327,5215
2.948,8733.6,12095.4,-2659.16,86,136,619
3.108,8763.84,16796.1,-2812.48,82,142,844
0,9147.41,39660,-4400,80,202,2124
0,8528.23,17259,-3365,64,144,844
4.431,9088,22896.3,-4.78E+03,40,182,1212
0,5462,5518,-2216,20,93,320
4.353,13285.8,60281.9,-2.40E+03,35,223,2822
2.39,7025.08,5246.18,-2091.07,58,107,346
2.712,9594.94,23053.1,-1.02E+03,16,166,1111
3.239,11324.6,50307.3,-5.57E+03,27,216,2677
0,16720.2,133299,-6722,70,349,5329
4.127,11613.8,42959.5,-1.33E+03,54,223,2059
3.29,8703.42,12586.2,-2447.09,65,136,619
0,10861.9,43273,-8498,112,231,2188
0,5743.9,3670,-2710,11,96,273
0,20346.2,451497,-14199,113,581,15338
2.887,5147.75,3478.04,-790.805,50,51,132
1.97,7787.46,4323.71,-1.86E+03,10,86,205
0,13716.3,52042,-9051,47,306,2255
2.287,24501.9,472379,-1.26E+04,44,483,15505
2.755,9000.64,25077.5,-3127.62,34,157,1519
1.843,5255.95,3495.31,-844.729,50,51,132
3.228,8535.96,13514.6,-2970.68,14,148,729
3.097,9373.94,39216.3,-2.15E+03,19,196,1885
3.72,12580.2,93941.6,-3.06E+03,27,220,3450
3.09,5313.22,4309.04,-1250.53,24,72,340
4.096,8787.16,20778.6,-3470.08,92,163,1162
0,7058.96,18564,-4310,23,149,1109
3.79,16206.7,145202,-7481.07,181,362,5847
3.817,11265.7,30905.5,-8.99E+02,31,166,1111
0,10019.7,43592,-4865,29,200,2392
0,17940.9,135164,-11251,251,388,4827
2.459,8364.22,10480.5,-2891.94,98,139,587
0,6490.39,6538,-2743,38,113,425
1.694,5792.48,4238.4,-1581.93,126,88,318
3.315,5954.81,4296.1,-1377.05,120,88,318
3.563,13801.7,50351.6,-1.30E+03,67,223,2059
2.727,11197.9,78141.2,-8.06E+03,39,272,3539
4.046,12430.6,93230.1,-6.59E+03,59,254,3885
3.999,22605.5,410715,-8.28E+03,68,473,14125
4.667,14168.2,94226.5,-5.83E+03,67,254,3885
4.295,7074.99,4139.57,-2334.4,69,101,249
1.557,11906.8,73852.8,-4.01E+03,30,249,3630
4.64,9253.03,26983,-2.77E+03,32,166,1414
3.013,10748.7,83878.2,-2.21E+03,24,220,3450
4.27,6454.88,13768.5,-1534.32,20,96,804
4.513,7636.29,16480.6,-2629.67,81,134,970
3.813,11185.7,58393.6,-3.44E+03,43,223,2822
3.88,18011.8,198454,-8.53E+03,46,390,7459
4.734,14023.7,139739,-5963.84,166,308,6057
0,9832.53,26728,-1704,15,157,1116
0,7165.28,13299,-4447,59,135,770
0,7943.07,11931,-2090,31,131,805
3.148,8973.96,26629.6,-2.49E+03,39,156,1364
0,27786.2,622142,-12100,112,607,16234
3.581,14553.7,147106,-6098.09,181,308,6057
0,13115.4,132299,-6448,49,311,5320
2.498,11961.7,114625,-3.64E+03,54,235,4905
3.023,5187.38,3336.77,-777.585,47,51,132
0,9668.71,21528,-3698,94,171,1160
3.579,18927.5,178766,-4.79E+03,70,403,6746
2.75,8575.2,16781,-2748.3,76,142,844
0,13731.9,88591.3,-6892.04,40,291,3799
2.309,3342.38,1306.6,-661.663,34,40,100
3.087,13203.9,119128,-3.21E+03,40,235,4905
3.028,4823,2904.45,-1197.3,34,71,249
0,16318,191669,-8499,230,358,7337
0,23871.7,316380,-13518,141,477,9693
2.965,24076.6,469701,-1.26E+04,39,483,15505
0,8745.29,27356,-4790,18,173,1524
4.03,6835.72,4042.8,-2213.27,75,101,249
2.936,4370.71,1889.72,-995.508,7,63,166
2.365,5378.94,4290.38,-5.32E+02,11,79,317
0,35031.2,839199,-16112,533,713,24012
2.276,8557.56,16694.1,-2784.69,82,142,844
0,9945.75,31692,-5676,100,189,1687
4.416,14132.1,49640.3,-3.12E+03,48,234,2464
3.774,9767.52,10227.6,-2290.35,91,130,490
0,13088.3,38582,-4539,22,197,1519
4.75,8519.19,4677.3,-2555.47,27,131,271
1.95,11565.4,57992.2,-4366.97,126,217,2904
4.793,14707.9,80511.1,-7022.12,71,320,3466
4.016,9052.43,11077.3,-3101.81,25,156,654
3.998,10406.6,33142.6,-3308.47,72,176,1922
4.346,12402,90207.5,-4.16E+03,22,220,3450
4.011,9241.18,36781.6,-4.37E+03,35,196,1997
3.449,7589.93,9536.42,-2421.27,20,123,621
0,10727.5,60535,-4729,26,241,2744
0,14492.6,74877,-9693,58,349,3135
0,24161.7,363088,-13063,369,604,11142
3.2,15096,114304,-4.73E+03,69,271,4426
2.513,10123,10390.1,-1.74E+03,42,154,587
0,13227.2,85425,-7354,199,275,3711
0,9918.38,41130,-4655,24,148,1412
3.618,9614.2,25683.3,-3162.97,40,174,1415
3.451,7992.31,24754.7,-7.85E+02,27,156,1364
3.911,7955.62,27162.8,-2858.31,87,156,1521
3.647,5061.66,3752.38,-2.35E+03,10,79,292
0,30890.7,890793,-16372,136,728,24027
3.714,18867.5,197979,-7.66E+03,55,390,7459
4.552,9739.95,35558.1,-4451.32,120,208,1691
2.826,12603.2,78304.5,-3.79E+03,47,272,3539
3.896,9099.99,16482.4,-4160.46,88,172,973
4.589,11977.3,91286.1,-6.32E+03,61,254,3885
4.713,10066.5,37230.3,-3.46E+03,41,196,1997
3.749,5389.69,2995.97,-1188.01,44,67,224
3.326,3367.58,1409.09,-660.443,33,40,100
3.382,12232.6,60188.3,-5.47E+03,24,247,2754
0,12663.4,79528,-6471,127,292,3546
4.085,7878.57,12922.1,-2643.82,15,132,806
2.744,11995.7,113176,-2.33E+03,41,235,4905
3.601,18552.8,160616,-9.24E+03,94,388,6290
0,16321.1,100742,-8039,62,328,3980
4.988,9757.49,30542,-3205.91,119,171,1747
3.455,7086.23,10422.7,-3.07E+03,23,109,689
3.391,14059.8,60700,-5.32E+03,27,247,2754
4.279,5552.93,10965.8,-1995.51,23,102,764
0,5654.66,5248,-2305,49,78,364
2.917,6432.89,12309.5,-1874.63,7,105,765
4.488,9989.04,36671.1,-2.90E+03,33,196,1997
2.5,11022.3,37999.9,-4313.44,118,205,1751
0,10342.2,40023,-6092,34,208,2054
3.598,8259.26,21169,-2864.42,80,145,1156
0,13974.6,205332,-10237,66,347,8206
4.25,18630.6,175573,-4.81E+03,72,403,6746
0,3897.95,1636,-1156,9,66,148
4.499,9408.29,30417.9,-3263.5,120,171,1747
0,13110.6,47322.9,-7632.78,50,298,2196
4.96,13429.1,53782.9,-511.224,84,209,2534
4.142,19876.1,251162,-1.43E+04,71,540,8870
4.374,8874.23,13856.5,-2935.83,21,148,729
2.832,16976.2,145422,-7440.93,187,362,5847
4.357,11155.1,52644.9,-3.84E+03,53,224,2192
0,10508.8,24043,-5652,59,140,1061
4.011,7659.06,9547.41,-2501.97,30,123,621
2.077,15178.7,115650,-4.03E+03,48,271,4426
2.713,13777.7,51552,-5.11E+03,41,234,2464
0,5082.03,1918,-1128,19,74,133
4.024,9103.17,29620.7,-2.06E+03,31,166,1414
0,11987.8,72940,-3892,17,303,3459
0,13023.9,95238,-6347,88,275,4429
0,11542,54205,-3909,38,190,2180
3.252,15665.7,115945,-4.78E+03,49,271,4426
3.841,7165,4040.21,-2268.54,70,101,249
2.843,24700.4,281528,-1.26E+04,70,540,8870
0,18501.4,389928,-13295,119,509,13968
0,12289.9,41736,-7535,18,190,1526
2.102,5040.09,4283.09,-1.35E+03,11,79,317
4.479,9644.63,25580.3,-2198.32,19,174,1415
4.657,5085.97,4330.18,-1293.45,15,72,340
4.577,9378.69,30368.4,-3296.86,121,171,1747
2.166,5062.13,4277.82,-2.10E+03,11,79,317
0,11429.2,40005,-5264,33,228,1933
0,13745.6,49955,-6365,42,260,2196
3.315,14741.9,59292,-5.03E+03,40,215,2188
2.231,8153.95,9274.64,-2796.31,32,138,554
3.885,8616.56,30151.6,-2036.64,26,132,1513
2.822,8135,12035.3,-2532.61,82,128,693
0,7838.21,18540,-3768,9,152,1069
2.194,25062.9,473976,-9.47E+03,38,483,15505
4.649,5659.09,1702.87,-1385.68,21,76,147
0,18218.5,260837,-10300,61,403,10236
3.681,13413.5,60616.4,-4.54E+02,32,247,2754
3.153,13846.5,91755.4,-5.92E+03,62,254,3885
4.543,5454.59,4333.47,-2.20E+03,14,79,292
0,10773.3,24336,-4345,25,235,1071
4.159,22537.5,515348,-11594.6,149,540,18067
4.126,8196.01,12311.5,-2942.29,72,136,619
4.636,9561.38,30266,-3238.31,122,171,1747
2.782,11980.6,46667.6,-6.79E+03,18,215,2188
0,12369.5,60324,-7202,196,291,2825
3.744,9859.61,33654,-3551.78,79,176,1922
0,19437.2,236439,-11919,82,471,7842
4.339,13994.7,52524.6,-6074.9,47,288,2334
3.949,12456.8,78539.8,-3.57E+03,50,272,3539
1.39,5502.12,4355.45,-6.79E+02,15,88,292
0,14261.2,68363,-1143,45,284,2901
2.963,6513.48,10299.4,-3.18E+03,14,109,689
4.731,18414,204909,-9.70E+03,69,390,7459
3.74,7590.31,15608.1,-2725.86,75,134,970
4.888,12031.5,71157.7,-5612.2,47,262,3211
2.476,15476.9,87432.8,-3.10E+03,54,223,2059
2.597,23883.2,471876,-1.20E+04,70,483,15505
3.901,9949.03,32710.2,-3525.18,94,176,1922
2.869,5840.35,7529.36,-1900.47,59,104,457
1.646,7826.51,9444.61,-3055.8,98,130,490
0,13749.4,59648,-5627,32,275,2753
0,13509.6,92110,-5886,30,294,4064
0,16094.5,153002,-10387,185,400,5535
4.495,10844,27717.4,-1.51E+03,25,194,1521
1.892,4857.42,3793.96,-1.01E+03,13,79,317
0,9498.21,20818,-3721,161,162,1255
4.728,9476.59,28967.3,-2.52E+03,41,166,1414
0,19302,267837,-11473,54,410,10529
4.561,9124.45,28716.8,-3439.81,39,179,1626
0,14971.3,93084,-7089,71,329,3808
0,10235.6,90593,-4532,17,222,4144
4.714,9768.55,38130.4,-3721.39,37,180,2054
3.898,8039.89,12862.3,-456.047,26,132,806
0,11877,48500,-4436,50,261,2328
3.604,9540.37,26527.4,-3636.76,25,174,1415
3.329,9749.23,26309.8,-3351.99,23,174,1415
2.304,22162.3,409583,-8.12E+03,61,473,14125
3.576,11091.6,39298.3,-3594.69,29,193,2118
3.631,13635.3,97387.4,-5997.13,168,281,4061
2.881,13112.5,52075.4,-5.02E+03,22,215,2188
0,5813.51,3441,-1621,7,95,269
0,8630.13,14074,-3700,103,153,771
1.575,4048.37,2229.47,-1022.6,32,54,165
3.003,15539.2,85623.6,-2.51E+03,55,223,2059
4.664,11948.1,70285.5,-5700.43,38,262,3211
0,12823,68073,-6167,104,292,2679
0,13010.7,111613,-9781,175,301,5018
3.095,9833.73,51810.7,-3.21E+03,26,188,2599
2.76,24016.4,280750,-1.13E+04,73,540,8870
2.254,5793.87,7660.14,-1863.96,75,104,457
3.133,11253.4,87103.4,-3.16E+03,17,220,3450
3.509,18163.7,159812,-1.04E+04,90,388,6290
2.432,8635.09,9618.1,-2554.01,97,130,490
4.167,5655.36,7135.8,-1767,50,93,545
4.384,9712.19,34426.9,-3.09E+03,26,166,1414
1.009,3494.67,1437.77,-1007.61,42,52,133
0,5945.33,1776.01,-1755.02,50,84,136
4.838,22439.7,282722,-9698.75,66,468,9276
4.044,22555.7,516177,-11510.9,144,540,18067
3.578,8993.53,21945.4,-2854.94,81,152,1165
0,21841.7,375981,-12748,71,507,13152
4.151,8815.98,27315,-1.87E+03,39,156,1364
4.66,9236.4,30433.3,-3412.36,127,171,1747
2.959,4771.49,3136.24,-1195.98,42,71,249
2.545,11659.4,33562.7,1.41E+04,23,234,1581
3.535,23256.2,282723,-1.57E+04,58,540,8870
3.45,5512.77,3371.57,-1076.47,38,71,249
4.571,13717.9,94747.9,-5667.16,48,294,4249
3.396,6798.08,13429.8,-1538.95,25,96,804
4.298,13755.2,47336,-5759.16,69,273,2061
2.7,22719.8,414043,-8.28E+03,63,473,14125
0,17227.4,277641,-8804,49,381,10238
2.719,6410,7458.94,-1624.6,49,93,545
4.245,5831.68,11119.3,-1912.54,31,102,764
4.698,12598.4,71637.2,-5533.16,54,262,3211
0,6191.28,8489.3,-1538.27,31,87,483
1.557,4167.36,2192.04,-1103.87,20,54,165
4.911,9901.28,24315.6,-1.37E+03,16,166,1111
2.5,5954.92,7555.29,-1612.32,49,93,545
3.168,13384.6,48029.1,-3.30E+03,51,223,2059
0,8214.82,31749,-4094,29,161,1868
0,11868.5,55331,-5446,37,218,2390
2.718,16728.4,162162,-7754.51,76,352,6744
0,21154.7,175130,-7443,53,410,5323
2.377,10369,10518.5,-2.03E+03,35,154,587
0,15160,91289,-7830,47,299,3714
0,4611.53,2769,-1106,3,59,166
2.778,11944.8,115635,-4.64E+03,53,235,4905
3.829,9398.21,26234.4,-3384.74,29,174,1415
0,6751.72,10607,-2710,18,96,580
1.465,5382.6,4320.41,-5.58E+02,13,88,292
0,11852.3,59052,-7234,78,324,2759
3.661,13304,98176.2,-5748.09,154,281,4061
4.513,9399.52,37849.5,-3790.74,39,180,2054
0,14274.2,57692,-7205,82,258,2330
3.91,9544.8,27754.9,-2904.36,102,158,1403
2.787,11115.3,83593.5,-1.02E+03,25,220,3450
1.818,5587.06,4154.12,-1526.91,126,88,318
4.286,8104.63,4633.68,-2692.97,32,131,271
2.25,5771.52,4173.87,-1472.52,125,88,318
2.921,12173.5,113351,-4.13E+03,44,235,4905
4.906,9058.63,13430,-2950.43,18,148,729
3.519,18363.4,161065,-1.00E+04,99,388,6290
0,9773.13,30178.1,-3460.06,125,171,1747
1.627,4156.11,2158.09,-1068.44,20,54,165
0,10059.4,25711,-5363,88,146,1209
0,16263.7,140452,-8482,54,369,5536
0,11316.7,31063,-4898,55,209,1468
4.218,9798.71,34343.8,-4452.98,126,208,1691
0,16321.3,118728,-4140,79,331,4721
4.967,6358.75,5200.46,-8.92E+02,14,85,343
0,8129.69,12485,-3637,30,142,767
4.764,13662.9,98430.3,-5828.66,174,281,4061
0,9969.04,37380,-3115,32,176,1696
3.294,11532.2,44871.4,-2.13E+03,34,166,1414
0,8891.96,8580,-3250,18,123,517
3.115,11539.6,114305,-3.38E+03,47,235,4905
0,16117,141951,-7254,39,331,5532
4.625,8997.19,28728.2,-3418.35,35,179,1626
4.295,13685.8,98380.3,-5494.96,144,281,4061
1.827,25404.8,472342,-9.62E+03,38,483,15505
3.409,22471.6,412086,-6.62E+03,60,473,14125
3.639,10427.2,26092.9,-4344.35,39,214,1469
2.805,12184.6,89290.7,-6.70E+03,46,254,3885
3.446,8598.82,26340.6,-2.32E+03,32,156,1364
4.637,19267.5,196483,-7.87E+03,48,390,7459
4.607,10433.5,28618.6,-2.61E+03,27,194,1521
2.332,6316.62,12958.2,-1622.58,15,96,804
2.886,13977,141247,-4.18E+03,48,315,5844
2.516,20699,248377,-1.17E+04,98,537,8350
2.722,15142,60470.1,-6498.04,147,305,2610
4.794,13007.2,44998.2,-5714.46,55,273,2061
0,8751.63,14889,-4903,15,160,769
2.802,14383.9,51081.9,-2.46E+03,40,234,2464
4.993,8696.1,10058.8,-1.28E+03,29,149,549
3.135,16370.9,173366,-7.20E+03,65,403,6746
2.487,15425.9,83662.8,-2.24E+03,55,223,2059
0,14445.9,124944,-11838,237,354,4919
3.734,18465.7,398873,-8.37E+03,81,473,14125
2.928,6167.71,10370.5,-3.19E+03,13,109,689
0,19057.6,366884,-14247,111,472,12970
3.671,16634.4,145365,-4.28E+03,53,315,5844
3.364,15730.1,110856,-5.13E+03,34,322,4619
0,14469.9,80813,-5728,186,241,3136
3.375,9658.82,10190.5,-2.14E+03,37,154,587
2.885,12462.5,60594.3,-5.61E+03,29,247,2754
4.133,9665.2,20892.6,-3307.91,77,163,1162
3.187,23779.2,262549,-1.47E+04,82,540,8870
4.476,9650.88,27466.9,-1.87E+03,27,166,1414
2.937,7767.28,12235,-1670.8,13,105,765
2.916,21749.2,410106,-9.28E+03,65,473,14125
2.112,3973.8,1447.52,-997.689,42,52,133
3.513,13993.3,90825.8,-4.08E+03,49,254,3885
3.857,12632.6,46391.7,-5865.83,62,273,2061
0,4237.13,2484,-719,19,77,186
3.664,7761.04,12579.3,-1686.98,14,105,765
0,9782.13,41885,-4572,27,213,1992
3.517,8520.2,27422.6,-2928.48,85,156,1521
4.245,5831.75,11119.2,-1918.67,31,102,764
1.63,5437.92,4262.17,-1.32E+03,14,88,292
4.875,15325.9,84615.2,-7.01E+03,45,272,3539
2.548,10697.1,49584.4,-4.98E+03,27,216,2677
1.812,13351.4,40263.2,-1.73E+03,41,234,1581
0,7093.75,12571,-3620,286,131,764
3.094,10591.3,25737.6,-1.90E+03,29,166,1111
0,6305.26,4342,-2608,17,100,270
4.131,23173.3,516224,-11555.7,138,540,18067
3.193,5055.19,3249.8,-1158.08,35,71,249
1.972,6329.23,7320.94,-1617.07,51,93,545
3.278,24128.5,279957,-1.34E+04,64,540,8870
2.919,7397.18,14879.8,-2771.1,78,134,970
2.675,4986.74,3178.44,-1128.08,38,71,249
2.64,8766.46,26176.9,-2.05E+03,25,156,1364
3.245,8353.16,9894.1,-2370.49,21,123,621
2.091,7221.03,9289.35,-3192.86,15,138,554
4.855,12452.9,71412.6,-5628.32,28,262,3211
2.612,5237.35,3157.56,-1085.28,38,71,249
4.407,11158.8,39647.6,-3980.49,101,205,1751
3.252,14329.4,58233.7,-5.75E+03,40,215,2188
3.957,13194.6,81092,-4.23E+03,54,272,3539
4.598,7558.99,7511.58,-1.78E+03,157,109,486
2.895,14539.1,141501,-5.48E+03,44,315,5844
0,23961.3,354096,-15114,116,561,11745
3.176,11062.5,85192.7,-2.96E+03,19,220,3450
4.538,9448.28,38130.8,-3808.5,41,180,2054
0,9017.84,20768,-3656,41,165,1024
1.842,5797.85,4268.28,-1552.03,122,88,318
0,23164.1,626764,-10352,115,484,9688
0,8072.84,30931,-3057,12,158,1580
4.509,8622.52,37689.6,-3932.59,53,180,2054
1.756,12075.6,36356,-2.90E+03,29,234,1581
0,13184.9,181069,-6692,40,277,7201
0,15180.4,122375,-8474,35,319,5119
4.603,11562.4,48079.4,-1.41E+03,27,166,1414
1.315,11536.9,68785,-5209.83,145,247,3373
2.714,8548.76,24902.6,-3248.58,29,157,1519
2.876,9492.75,39256.8,-2.97E+03,21,196,1885
0,11855.9,104601,-5846,34,262,4623
2.498,10280.7,42748.7,-1.57E+03,53,223,2059
2.595,9764.24,42738.6,-3052.6,97,159,2181
2.289,2751.72,63.3573,-4.55E+02,6,33,5
3.764,7674,8013.07,-1.03E+03,20,111,453
4.237,5614.79,3414.74,-2.43E+03,20,86,205
0,5772.69,4598,-1821,109,85,342
2.181,15365,115567,-3.86E+03,54,271,4426
3.961,10336.5,37402.5,-3811.3,34,193,2118
0,22302.8,539834,-14014,86,582,17882
2.882,13799.6,90961.7,-4.83E+03,48,254,3885
0,7492.75,9478.59,-3142.1,94,130,490
2.936,14637.5,139653,-4.24E+03,42,315,5844
3.508,5245.38,4512.69,-6.44E+02,9,79,317
3.848,7124.67,9278.52,-3136.08,15,138,554
3.278,10619,85260.6,-2.66E+03,22,220,3450
0,18705.1,267599,-10496,36,396,9400
0,14451.4,74148,-5885,42,291,3217
2.209,5820.1,7524.57,-1888.65,75,104,457
0,17068.8,178744,-9938,296,381,6978
4.474,8840.38,28729.4,-3420.37,33,179,1626
3.194,9906.96,10780.6,-2.40E+03,38,154,587
0,17228.7,230844,-8095,94,419,8352
0,8546.7,11175,-3806,62,171,620
3.286,13213.6,79811.6,-5.45E+03,58,272,3539
4.029,6919.3,4087.83,-2350.43,71,101,249
4.427,20322.7,249718,-1.04E+04,61,540,8870
3.742,8034.49,16553.2,-2825.42,79,142,844
0,8267.63,27280,-5304,122,159,1628
0,12225.9,52519.9,-7039.07,43,288,2334
0,12604.9,41364,-6067,42,280,1938
0,17573.4,268551,-10935,63,481,9959
2.185,6825.99,5346.56,-1.79E+03,8,79,292
4.358,9978.71,38242.1,-3560.61,41,180,2054
1.937,12055.1,34441.2,-1.98E+03,22,234,1581
4.395,20931.1,183794,-4.59E+03,73,403,6746
3.782,22429.2,406787,-8.51E+03,57,473,14125
4.429,9376.99,28721.3,-3381.25,33,179,1626
2.189,5461.83,4349.85,-1.88E+03,15,79,292
2.766,15798.2,115111,-5.34E+03,55,271,4426
0,8942.5,39996,-3736,37,181,2181
0,7314.27,9436,-2997,11,140,554
4.128,2408.51,50.0457,-5.67E+02,92,33,5
3.663,5641.47,7183.05,-1674.76,52,93,545
3.363,16803.1,175455,-6.74E+03,82,403,6746
1.598,10756.5,69622.4,-5440.91,131,247,3373
0,23082.5,309652,-12776,91,482,9834
3.48,11321.1,85817.3,-3.91E+03,20,220,3450
3.511,9612.66,23616.5,-8.97E+02,18,166,1111
2.937,21499.4,465709,-1.27E+04,80,483,15505
0,12260.4,39182,-4420,33,236,1813
0,18588.3,232299,-12288,95,437,7837
0,9333.64,25863,-5669,34,200,1468
2.907,12271.5,52969.3,-3.29E+03,104,224,2192
2.445,11764.8,74748.4,-4.98E+03,31,249,3630
3.095,8485.72,13431.2,-2838.9,11,148,729
2.252,21456.9,409991,-9.31E+03,56,473,14125
0,7355.22,11978,-2116,35,128,769
1.842,6425.64,13424.5,-1597.91,16,96,804
1.822,17718,163265,-7354.62,78,352,6744
4.079,12282.8,46748,-1.45E+03,47,223,2059
0,14333.8,235068,-6996,58,349,9396
0,27622.6,437696,-12120,34,376,6518
0,11265.7,60754,-5331,138,232,2602
1.953,12850.1,74233.4,-1.59E+02,25,249,3630
4.472,9462.34,16404.4,-2979.67,81,172,973
0,10098.7,43197,-4534,46,190,2318
2.069,12854.2,115837,-1.97E+03,44,235,4905
3.975,5927.07,4325.65,-1183.91,18,72,340
3.976,16616.2,200678,-9.37E+03,42,390,7459
2.782,13118.1,90940.7,-4.04E+03,45,254,3885
0,11157.9,39520,-6475,56,214,1931
4.532,25518.3,479263,-1.17E+04,54,483,15505
0,12282,67246,-4383,63,249,2903
3.068,9596.96,52031.6,-3.07E+03,43,188,2599
2.499,7444.32,9535.62,-2467.9,13,123,621
0,13561,144015,-4957.24,40,248,5018
3.617,8396.6,12233.2,-2765.3,80,136,619
0,14941.2,86906,-7672,76,299,3801
0,11086,45950,-4715,28,206,2194
3.334,11751.8,52284.9,-4.16E+03,20,216,2677
2.731,13579.3,142646,-6213.24,167,308,6057
2.176,10544.3,38120.2,-4218.68,97,205,1751
1.206,6011.7,4775.39,-9.19E+02,23,85,343
0,10241.5,34794,-4704,151,205,1637
4.78,7888.73,4883.07,-2551.8,25,131,271
2.063,3904.15,1452.75,-966.672,42,52,133
3.639,10235.5,38842.4,-4072.43,30,193,2118
0,26414.4,757543,-15116,90,629,18498
3.391,5097.85,1646.18,-755.785,37,52,133
0,5004.54,1073,-937,14,66,87
4.386,12692.9,54873.3,-2.76E+03,58,224,2192
2.839,25132.5,470341,-1.32E+04,45,483,15505
4.969,3430.09,1969.8,-616.39,7,43,161
4.567,14003.6,47926.5,-5715.97,76,273,2061
0,8649.42,21504,-3789,18,154,1201
4.419,7610.95,9130.35,-1.02E+03,22,102,516
3.058,15150.5,60381.5,-5.08E+03,34,215,2188
3.549,20159.3,197060,-4.78E+03,81,403,6746
0,13652,165927,-7525,76,321,7208
3.927,8750.62,11283.2,-3195.81,46,156,654
3.667,9450.85,25682.7,-3380.14,36,174,1415
4.755,11716.8,61673.8,-4446.68,127,237,2672
1.377,5927.07,5113.75,-1.47E+03,24,85,343
0,18165.5,204814,-8886,24,374,7459
3.98,8733.32,13336.5,-2469.27,17,132,806
3.485,13781.5,50910.6,-3.34E+03,40,234,2464
4.918,9515.33,30625.6,-3239.88,120,171,1747
4.737,9006.17,37489.1,-3703.48,49,180,2054
2.384,10142.7,10457.2,-2.18E+03,36,154,587
0,9928.82,49921,-3879,30,216,2601
1.934,6679.29,13292.9,-1564.25,16,96,804
0,3691.12,1410.5,-1066.76,39,52,133
2.641,8618.63,25035.6,-3166.78,32,157,1519
4.367,25758.1,277467,-1.09E+04,68,540,8870
3.559,17010.5,111172,-5.44E+03,42,322,4619
4.626,8949.81,28996.3,-3378.1,35,179,1626
0,9404.98,25456,-3827,32,223,1317
3.41,7288.54,14178.6,-2340.81,88,120,809
1.004,2518.96,51.3272,-5.23E+02,6,33,5
0,12224,62391,-6441,26,238,2679
2.802,6155.14,10204.3,-4.03E+03,26,109,689
4.122,22021.4,516401,-11620.2,147,540,18067
2.483,8292.89,11997.5,-2546.58,82,128,693
0,9015.47,27283,-3705,392,176,1571
0,15553.3,145531,-8265,45,345,5640
2.882,8528.63,21168.9,-3.06E+02,31,166,1111
0,4746.93,2021,-1375,8,60,148
4.644,9626.08,52132.7,-2.76E+03,53,188,2599
3.31,14406.8,143278,-6069.13,166,308,6057
3.2,10594.9,85411.9,-2.49E+03,22,220,3450